region,mean_profit_usd,ci_lower_usd,ci_upper_usd,loss_risk_pct,approved_by_risk
region_0,3961649.8480237117,-1112155.4589049604,9097669.41553423,6.9,False
region_1,4560451.057866608,338205.0939898458,8522894.538660347,1.5,True
region_2,4044038.665683568,-1633504.1339559986,9503595.749237997,7.6,False
